YEAR,FOUR-DIGIT INDUSTRY,GROSS SALES,TAXABLE SALES,SALES TAX,USE TAX,TOTAL TAX, NUMBER 
2012,1110 CROP PRODUCTION,"$867,999,830","$17,815,302","$1,230,952","$653,441","$1,884,393", 244 
2012,1111 OILSEED & GRAIN FARMING,"$323,459,613","$694,156","$47,724","$101,285","$149,009", 80 
2012,1112 VEGETABLE & MELON FARMING,"$10,776,907","$1,082,246","$74,406","$2,671","$77,077", 41 
2012,1113 FRUIT & TREE NUT FARMING,"$7,970,240","$1,676,519","$122,687","$1,075","$123,762", 38 
2012,"1114 GREENHOUSE, NURSERY, & FLORICULTURE PRODUCTION","$127,120,921","$55,700,983","$3,834,370","$55,561","$3,889,931", 207 
2012,1119 OTHER CROP FARMING,"$250,648,252","$4,139,247","$286,836","$16,816","$303,652", 61 
2012,1120 ANIMAL PRODUCTION,"$260,655,057","$1,320,917","$90,814","$125,308","$216,122", 84 
2012,1121 CATTLE RANCHING & FARMING,"$68,436,793","$788,723","$54,223","$22,363","$76,586", 43 
2012,1122 HOG & PIG FARMING,"$51,076,218","$320,337","$22,022","$87,703","$109,725", 21 
2012,1123 POULTRY & EGG PRODUCTION,"$41,090,354","$693,120","$48,603","$358,517","$407,120", 15 
2012,1124 SHEEP & GOAT FARMING,"$86,967","$9,534",$657,$0,$657, 11 
2012,1125 ANIMAL AQUACULTURE,"$1,230,457","$97,133","$6,679",$604,"$7,283", 7 
2012,1129 OTHER ANIMAL PRODUCTION,"$15,463,592","$2,159,519","$148,479","$3,857","$152,336", 133 
2012,1130 FORESTRY & LOGGING,"$5,227,147","$2,020,404","$138,906","$5,892","$144,798", 48 
2012,1132 FOREST NURSERIES & GATHERING OF FOREST PRODUCTS,"$2,457,462","$631,187","$43,396","$2,117","$45,513", 18 
2012,1133 LOGGING,"$45,627,410","$2,240,393","$154,028",$438,"$154,466", 49 
2012,"1140 FISHING, HUNTING & TRAPPING","$4,176,832","$2,485,589","$170,884",$496,"$171,380", 19 
2012,1141 FISHING,"$17,527,248","$803,644","$55,745","$154,769","$210,514", 17 
2012,1142 HUNTING & TRAPPING,"$3,653,450","$2,039,223","$142,559","$2,748","$145,307", 43 
2012,1150 SUPPORT ACTIVITIES FOR AGRICULTURE & FORESTRY,"$787,936,688","$4,325,043","$297,351","$161,543","$458,894", 81 
2012,1151 SUPPORT ACTIVITIES FOR CROP PRODUCTION,"$855,467,199","$12,275,286","$863,644","$102,156","$965,800", 133 
2012,1152 SUPPORT ACTIVITIES FOR ANIMAL PRODUCTION,"$304,229,362","$4,003,352","$275,236","$60,143","$335,379", 85 
2012,1153 SUPPORT ACTIVITIES FOR FORESTRY,"$5,125,698","$4,064,605","$279,444","$8,269","$287,713", 20 
2012,2122 METAL ORE MINING,"$106,366,968","$29,471","$2,027","$33,583,893","$33,585,920", 8 
2012,2123 NONMETALLIC MINERAL MINING & QUARRYING,"$352,165,338","$106,066,761","$7,292,095","$927,066","$8,219,161", 169 
2012,2131 SUPPORT ACTIVITIES FOR MINING,"$34,606,667","$644,467","$44,308","$163,509","$207,817", 15 
2012,2210 UTILITIES,"$357,556,056","$167,284,467","$11,586,509","$221,929","$11,808,438", 92 
2012,"2211 ELECTRIC POWER GENERATION, TRANSMISSION & DISTRIBUTION","$8,657,503,652","$3,733,003,989","$256,644,033","$12,656,748","$269,300,781", 120 
2012,2212 NATURAL GAS DISTRIBUTION,"$1,377,509,495","$361,836,860","$24,876,274","$1,492,259","$26,368,533", 56 
2012,"2213 WATER, SEWAGE & OTHER SYSTEMS","$297,886,852","$163,300,162","$11,230,294","$669,442","$11,899,736", 169 
2012,2360 CONSTRUCTION OF BUILDINGS,"$2,244,112,901","$42,806,857","$2,942,975","$2,846,618","$5,789,593", 844 
2012,2361 RESIDENTIAL BUILDING CONSTRUCTION,"$672,214,929","$24,811,624","$1,712,414","$611,022","$2,323,436", 685 
2012,2362 NONRESIDENTIAL BUILDING CONSTRUCTION,"$523,191,641","$23,943,423","$1,649,102","$2,109,617","$3,758,719", 235 
2012,2370 HEAVY & CIVIL ENGINEERING CONSTRUCTION,"$1,295,459,194","$47,377,611","$3,257,230","$7,092,423","$10,349,653", 230 
2012,2371 UTILITY SYSTEM CONSTRUCTION,"$119,760,779","$8,569,447","$589,145","$396,755","$985,900", 94 
2012,2372 LAND SUBDIVISION,"$10,789,414","$6,054,766","$430,834","$34,320","$465,154", 16 
2012,"2373 HIGHWAY, STREET, & BRIDGE CONSTRUCTION","$153,677,624","$23,809,572","$1,636,909","$817,528","$2,454,437", 66 
2012,2379 OTHER HEAVY & CIVIL ENGINEERING CONSTRUCTION,"$143,728,867","$7,511,731","$516,432","$287,549","$803,981", 57 
2012,2380 SPECIALTY TRADE CONTRACTORS,"$3,754,771,117","$231,300,662","$15,901,948","$13,038,379","$28,940,327"," 2,299 "
2012,"2381 FOUNDATION, STRUCTURE, & BUILDING EXTERIOR CONTRACTORS","$275,180,302","$17,596,681","$1,209,786","$672,085","$1,881,871", 326 
2012,2382 BUILDING EQUIPMENT CONTRACTORS,"$1,124,883,203","$71,078,488","$4,887,577","$2,835,532","$7,723,109"," 1,011 "
2012,2383 BUILDING FINISHING CONTRACTORS,"$358,904,080","$28,188,619","$1,937,954","$1,868,197","$3,806,151", 556 
2012,2389 OTHER SPECIALTY TRADE CONTRACTORS,"$892,342,135","$96,949,909","$6,662,249","$3,733,686","$10,395,935", 873 
2012,3110 FOOD MANUFACTURING,"$4,365,674,720","$17,114,539","$1,182,733","$4,260,698","$5,443,431", 111 
2012,3111 ANIMAL FOOD MANUFACTURING,"$482,097,877","$4,160,985","$286,073","$144,333","$430,406", 50 
2012,3112 GRAIN & OILSEED MILLING,"$272,761,914","$756,935","$52,041","$860,406","$912,447", 19 
2012,3113 SUGAR & CONFECTIONERY PRODUCT MANUFACTURING,"$154,273,967","$12,610,525","$866,968","$1,060,890","$1,927,858", 112 
2012,3114 FRUIT & VEGETABLE PRESERVING & SPECIALTY FOOD MANUFACTURING,"$1,244,544,409","$1,767,197","$121,496","$1,287,387","$1,408,883", 49 
2012,3115 DAIRY PRODUCT MANUFACTURING,"$1,584,762,755","$525,637","$36,139","$846,265","$882,404", 27 
2012,3116 ANIMAL SLAUGHTERING & PROCESSING,"$739,001,085","$1,354,747","$93,140","$466,225","$559,365", 29 
2012,3118 BAKERIES & TORTILLA MANUFACTURING,"$429,980,773","$63,260,857","$4,351,735","$287,414","$4,639,149", 151 
2012,3119 OTHER FOOD MANUFACTURING,"$440,137,306","$4,550,526","$312,846","$546,244","$859,090", 99 
2012,3121 BEVERAGE MANUFACTURING,"$272,944,270","$11,507,142","$960,387","$579,023","$1,539,410", 106 
2012,3122 TOBACCO MANUFACTURING,"$82,472,400","$552,337","$37,972","$24,359","$62,331", 8 
2012,3130 TEXTILE MILLS,"$59,556,173","$3,331,467","$229,040","$1,554","$230,594", 37 
2012,"3131 FIBER, YARN, & THREAD MILLS","$160,777","$41,431","$2,849",$0,"$2,849", 10 
2012,3132 FABRIC MILLS,"$8,285,228","$393,293","$27,037","$23,432","$50,469", 17 
2012,"3133 TEXTILE, FABRIC FINISHING & FABRIC COATING MILLS","$20,428,165","$1,187,723","$81,655","$5,304","$86,959", 18 
2012,3140 TEXTILE PRODUCT MILLS,"$24,638,524","$854,104","$58,720",$112,"$58,832", 10 
2012,3141 TEXTILE FURNISHINGS MILLS,"$30,737,890","$6,632,999","$456,019",$812,"$456,831", 75 
2012,3149 OTHER TEXTILE PRODUCT MILLS,"$102,847,986","$5,035,255","$346,177","$65,042","$411,219", 218 
2012,3150 APPAREL MANUFACTURING,"$44,320,839","$5,225,871","$359,283","$6,035","$365,318", 70 
2012,3151 APPAREL KNITTING MILLS,"$947,329","$30,234","$2,079","$10,531","$12,610", 11 
2012,3152 CUT & SEW APPAREL MANUFACTURING,"$82,439,721","$3,075,060","$211,414","$15,248","$226,662", 139 
2012,3159 APPAREL ACCESSORIES & OTHER APPAREL MANUFACTURING,"$124,440,797","$1,108,571","$76,219","$92,592","$168,811", 70 
2012,3160 LEATHER & ALLIED PRODUCT MANUFACTURING,"$2,560,842","$350,526","$24,094","$150,861","$174,955", 13 
2012,3161 LEATHER & HIDE TANNING & FINISHING,"$33,190,889","$1,297,043","$89,172","$35,002","$124,174", 12 
2012,3162 FOOTWEAR MANUFACTURING,"$46,927,814","$359,053","$24,684","$17,624","$42,308", 9 
2012,3169 OTHER LEATHER & ALLIED PRODUCT MANUFACTURING,"$4,534,363","$1,369,997","$94,192",$557,"$94,749", 88 
2012,3210 WOOD PRODUCT MANUFACTURING,"$1,261,927,279","$107,211,955","$7,370,837","$833,788","$8,204,625", 267 
2012,3211 SAWMILLS & WOOD PRESERVATION,"$65,176,691","$9,423,646","$647,881","$75,773","$723,654", 57 
2012,"3212 VENEER, PLYWOOD, & ENGINEERED WOOD PRODUCT MANUFACTURING","$114,335,207","$20,427,200","$1,404,374","$119,140","$1,523,514", 48 
2012,3219 OTHER WOOD PRODUCT MANUFACTURING,"$697,659,853","$57,142,153","$3,918,541","$516,868","$4,435,409", 323 
2012,3220 PAPER MANUFACTURING,"$842,763,791","$53,574,730","$3,683,254","$22,103,824","$25,787,078", 54 
2012,"3221 PULP, PAPER, & PAPERBOARD MILLS","$956,856,969","$2,328,078","$160,056","$2,065,209","$2,225,265", 13 
2012,3222 CONVERTED PAPER PRODUCT MANUFACTURING,"$1,020,937,531","$22,019,380","$1,513,846","$1,862,370","$3,376,216", 93 
2012,3230 PRINTING & RELATED SUPPORT ACTIVITIES,"$896,339","$449,793","$30,923","$1,239","$32,162", 4 
2012,3231 PRINTING & RELATED SUPPORT ACTIVITIES,"$2,702,286,914","$401,201,317","$27,582,600","$3,631,791","$31,214,391"," 1,182 "
2012,3240 PETROLEUM & COAL PRODUCTS MANUFACTURING,"$153,544,431","$130,783,530","$8,991,365","$249,209","$9,240,574", 17 
2012,3241 PETROLEUM & COAL PRODUCTS MANUFACTURING,"$4,104,741,633","$246,442,233","$16,942,904","$2,710,242","$19,653,146", 32 
2012,3250 CHEMICAL MANUFACTURING,"$2,114,526,143","$48,114,598","$3,307,886","$623,520","$3,931,406", 121 
2012,3251 BASIC CHEMICAL MANUFACTURING,"$1,183,031,930","$33,053,819","$2,272,452","$233,621","$2,506,073", 59 
2012,"3252 RESIN, SYNTHETIC RUBBER, & ARTIFICIAL SYNTHETIC FIBERS & FILAMENTS MANUFACTURING","$42,412,404","$2,843,328","$195,478","$74,645","$270,123", 13 
2012,"3253 PESTICIDE, FERTILIZER, & OTHER AGRICULTURAL CHEMICAL MANUFACTURING","$611,462,320","$1,807,505","$124,269","$38,330","$162,599", 23 
2012,3254 PHARMACEUTICAL & MEDICINE MANUFACTURING,"$1,758,894,176","$5,072,069","$348,699","$672,635","$1,021,334", 57 
2012,"3255 PAINT, COATING, & ADHESIVE MANUFACTURING","$89,510,888","$3,995,159","$274,666","$17,868","$292,534", 32 
2012,"3256 SOAP, CLEANING COMPOUND, & TOILET PREPARATION MANUFACTURING","$323,600,303","$27,912,359","$1,918,973","$770,059","$2,689,032", 127 
2012,3259 OTHER CHEMICAL PRODUCT & PREPARATION MANUFACTURING,"$460,792,325","$16,500,793","$1,134,427","$1,341,811","$2,476,238", 87 
2012,3260 PLASTICS & RUBBER PRODUCTS MANUFACTURING,"$939,458,736","$121,113,511","$8,326,571","$736,585","$9,063,156", 133 
2012,3261 PLASTICS PRODUCT MANUFACTURING,"$1,458,346,500","$28,158,523","$1,935,887","$1,156,180","$3,092,067", 240 
2012,3262 RUBBER PRODUCT MANUFACTURING,"$379,154,750","$27,496,740","$1,890,396","$296,229","$2,186,625", 50 
2012,3270 NONMETALLIC MINERAL PRODUCT MANUFACTURING,"$511,571,987","$76,118,839","$5,233,179","$1,357,598","$6,590,777", 119 
2012,3271 CLAY PRODUCT & REFRACTORY MANUFACTURING,"$25,125,331","$9,142,101","$628,514","$44,031","$672,545", 98 
2012,3272 GLASS & GLASS PRODUCT MANUFACTURING,"$106,187,890","$8,152,511","$560,481","$205,306","$765,787", 85 
2012,3273 CEMENT & CONCRETE PRODUCT MANUFACTURING,"$826,758,181","$453,848,683","$31,202,120","$1,249,037","$32,451,157", 139 
2012,3274 LIME & GYPSUM PRODUCT MANUFACTURING,"$21,459,816","$1,172,654","$80,622","$100,031","$180,653", 6 
2012,3279 OTHER NONMETALLIC MINERAL PRODUCT MANUFACTURING,"$79,130,067","$19,429,639","$1,335,783","$499,656","$1,835,439", 51 
2012,3310 PRIMARY METAL MANUFACTURING,"$294,079,086","$31,466,780","$2,163,340","$137,656","$2,300,996", 40 
2012,3311 IRON & STEEL MILLS & FERROALLOY MANUFACTURING,"$69,776,101","$1,779,806","$122,360","$569,163","$691,523", 19 
2012,3312 STEEL PRODUCT MANUFACTURING FROM PURCHASED STEEL,"$300,838,757","$15,346,273","$1,055,059","$183,266","$1,238,325", 58 
2012,3313 ALUMINA & ALUMINUM PRODUCTION & PROCESSING,"$108,612,163","$2,146,966","$147,605","$97,494","$245,099", 8 
2012,3314 NONFERROUS METAL (EXCEPT ALUMINUM) PRODUCTION & PROCESSING,"$236,597,438","$2,965,127","$203,852","$15,598","$219,450", 16 
2012,3315 FOUNDRIES,"$580,668,207","$1,685,467","$115,875","$1,596,894","$1,712,769", 28 
2012,3320 FABRICATED METAL PRODUCT MANUFACTURING,"$1,734,223,608","$143,428,809","$9,860,723","$2,669,135","$12,529,858", 511 
2012,3321 FORGING & STAMPING,"$281,002,041","$1,625,453","$111,752","$157,295","$269,047", 55 
2012,3322 CUTLERY & HANDTOOL MANUFACTURING,"$174,208,606","$4,000,818","$275,048","$36,523","$311,571", 61 
2012,3323 ARCHITECTURAL & STRUCTURAL METALS MANUFACTURING,"$843,966,323","$181,898,808","$12,505,539","$3,136,532","$15,642,071", 260 
2012,"3324 BOILER, TANK, & SHIPPING CONTAINER MANUFACTURING","$121,161,430","$12,016,428","$826,127","$445,440","$1,271,567", 33 
2012,3325 HARDWARE MANUFACTURING,"$53,853,982","$2,267,152","$155,868","$203,577","$359,445", 16 
2012,3326 SPRING & WIRE PRODUCT MANUFACTURING,"$103,729,339","$5,444,084","$374,283","$134,927","$509,210", 20 
2012,"3327 MACHINE SHOPS; TURNED PRODUCT; & SCREW, NUT, & BOLT MANUFACTURING","$843,080,563","$22,816,037","$1,568,606","$1,267,460","$2,836,066", 316 
2012,"3328 COATING, ENGRAVING, HEAT TREATING, & ALLIED ACTIVITIES","$252,811,419","$3,974,696","$273,266","$298,495","$571,761", 88 
2012,3329 OTHER FABRICATED METAL PRODUCT MANUFACTURING,"$1,300,666,730","$118,247,191","$8,129,489","$917,049","$9,046,538", 416 
2012,3330 MACHINERY MANUFACTURING,"$1,790,614,299","$237,478,294","$16,326,631","$4,200,232","$20,526,863", 442 
2012,"3331 AGRICULTURE, CONSTRUCTION, & MINING MACHINERY MANUFACTURING","$575,578,566","$27,398,605","$1,883,650","$498,026","$2,381,676", 119 
2012,3332 INDUSTRIAL MACHINERY MANUFACTURING,"$770,085,260","$56,912,965","$3,912,775","$626,715","$4,539,490", 197 
2012,3333 COMMERCIAL & SERVICE INDUSTRY MACHINERY MFG,"$813,831,695","$142,091,983","$9,768,837","$737,353","$10,506,190", 123 
2012,"3334 VENTILATION, HEATING, AIR-CONDITIONING, & COMMERCIAL REFRIGERATION EQUIPMENT MANUFACTURING","$317,699,146","$19,506,987","$1,341,110","$557,106","$1,898,216", 67 
2012,3335 METALWORKING MACHINERY MANUFACTURING,"$323,611,050","$32,443,057","$2,230,459","$666,933","$2,897,392", 129 
2012,"3336 ENGINE, TURBINE, & POWER TRANSMISSION EQUIPMENT MANUFACTURING","$143,289,643","$11,664,466","$801,930","$53,046","$854,976", 33 
2012,3339 OTHER GENERAL PURPOSE MACHINERY MANUFACTURING,"$1,427,867,479","$76,691,135","$5,272,502","$1,654,477","$6,926,979", 287 
2012,3340 COMPUTER & ELECTRONIC PRODUCT MANUFACTURING,"$615,689,836","$25,237,138","$1,735,055","$875,818","$2,610,873", 87 
2012,3341 COMPUTER & PERIPHERAL EQUIPMENT MANUFACTURING,"$1,591,227,548","$143,811,505","$9,887,036","$1,423,090","$11,310,126", 91 
2012,3342 COMMUNICATIONS EQUIPMENT MANUFACTURING,"$207,149,689","$13,017,415","$894,952","$35,809","$930,761", 78 
2012,3343 AUDIO & VIDEO EQUIPMENT MANUFACTURING,"$88,182,436","$4,349,221","$299,011","$35,063","$334,074", 32 
2012,3344 SEMICONDUCTOR & OTHER ELECTRONIC COMPONENT MANUFACTURING,"$916,084,898","$21,056,916","$1,447,669","$1,382,980","$2,830,649", 104 
2012,"3345 NAVIGATIONAL, MEASURING, ELECTROMEDICAL, & CONTROL INSTRUMENTS MANUFACTURING","$743,048,122","$35,942,384","$2,471,040","$4,061,157","$6,532,197", 203 
2012,3346 MANUFACTURING & REPRODUCING MAGNETIC & OPTICAL    MEDIA,"$23,657,784","$2,827,972","$194,423","$147,103","$341,526", 32 
2012,"3350 ELECTRICAL EQUIPMENT, APPLIANCE, & COMPONENT MANUFACTURING","$3,310,925,111","$169,477,210","$11,651,566","$4,587,831","$16,239,397", 274 
2012,3351 ELECTRIC LIGHTING EQUIPMENT MANUFACTURING,"$52,119,699","$5,466,749","$375,848","$23,082","$398,930", 43 
2012,3352 HOUSEHOLD APPLIANCE MANUFACTURING,"$43,326,956","$4,076,203","$280,243","$33,421","$313,664", 23 
2012,3353 ELECTRICAL EQUIPMENT MANUFACTURING,"$233,643,348","$26,183,431","$1,800,119","$359,880","$2,159,999", 75 
2012,3359 OTHER ELECTRICAL EQUIPMENT & COMPONENT MFG,"$537,119,948","$73,157,081","$5,029,553","$701,876","$5,731,429", 133 
2012,3360 TRANSPORTATION EQUIPMENT MANUFACTURING,"$3,387,232,014","$26,224,251","$1,802,919","$674,262","$2,477,181", 51 
2012,3361 MOTOR VEHICLE MANUFACTURING,"$131,330,741","$8,541,328","$587,221","$102,157","$689,378", 13 
2012,3362 MOTOR VEHICLE BODY & TRAILER MANUFACTURING,"$156,717,685","$16,708,542","$1,148,711","$49,995","$1,198,706", 47 
2012,3363 MOTOR VEHICLE PARTS MANUFACTURING,"$413,926,583","$3,063,850","$210,630","$610,599","$821,229", 66 
2012,3364 AEROSPACE PRODUCT & PARTS MANUFACTURING,"$33,455,695","$1,239,352","$85,206","$103,260","$188,466", 23 
2012,3366 SHIP & BOAT BUILDING,"$113,717,658","$1,294,027","$88,966","$91,378","$180,344", 16 
2012,3369 OTHER TRANSPORTATION EQUIPMENT MANUFACTURING,"$124,337,440","$10,031,803","$689,684","$83,748","$773,432", 45 
2012,3370 FURNITURE & RELATED PRODUCT MANUFACTURING,"$310,347,123","$63,800,406","$4,386,279","$181,704","$4,567,983", 220 
2012,3371 HOUSEHOLD & INSTITUTIONAL FURNITURE & KITCHEN CABINET MANUFACTURING,"$281,721,243","$32,477,757","$2,232,859","$823,878","$3,056,737", 257 
2012,3372 OFFICE FURNITURE (INCLUDING FIXTURES) MANUFACTURING,"$140,369,142","$24,552,413","$1,687,975","$326,434","$2,014,409", 89 
2012,3379 OTHER FURNITURE RELATED PRODUCT MANUFACTURING,"$63,293,863","$2,223,797","$152,883","$95,896","$248,779", 15 
2012,3390 MISCELLANEOUS MANUFACTURING,"$5,833,165,036","$433,931,035","$29,839,151","$5,837,117","$35,676,268", 816 
2012,3391 MEDICAL EQUIPMENT & SUPPLIES MANUFACTURING,"$1,025,219,121","$32,677,179","$2,246,549","$3,663,083","$5,909,632", 334 
2012,3399 OTHER MISCELLANEOUS MANUFACTURING,"$1,379,951,901","$148,719,476","$10,224,448","$2,998,379","$13,222,827"," 1,391 "
2012,4231 MOTOR VEHICLE & MOTOR VEHICLE PARTS & SUPPLIES MERCHANT WHOLESALERS,"$3,564,059,267","$145,815,954","$10,026,716","$237,471","$10,264,187", 425 
2012,4232 FURNITURE & HOME FURNISHING MERCHANT WHOLESALERS,"$349,186,419","$108,316,970","$7,446,784","$108,295","$7,555,079", 203 
2012,4233 LUMBER & OTHER CONSTRUCTION MATERIALS MERCHANT WHOLESALERS,"$1,693,371,177","$476,015,784","$32,725,065","$1,967,240","$34,692,305", 333 
2012,4234 PROFESSIONAL & COMMERCIAL EQUIPMENT & SUPPLIES MERCHANT WHOLESALERS,"$3,375,348,830","$763,772,534","$52,531,382","$6,482,662","$59,014,044", 718 
2012,4235 METAL & MINERAL (EXCEPT PETROLEUM) MERCHANT WHOLESALERS,"$1,443,453,567","$50,688,322","$3,484,821","$231,735","$3,716,556", 75 
2012,4236 ELECTRICAL & ELECTRONIC GOODS MERCHANT WHOLESALERS,"$3,390,503,938","$855,866,995","$58,840,832","$678,005","$59,518,837", 421 
2012,"4237 HARDWARE, & PLUMBING & HEATING EQUIPMENT & SUPPLIES MERCHANT WHOLESALERS","$1,508,518,869","$738,399,965","$50,764,987","$2,007,440","$52,772,427", 385 
2012,"4238 MACHINERY, EQUIPMENT, & SUPPLIES MERCHANT WHOLESALERS","$7,095,074,526","$1,271,491,918","$87,415,115","$3,514,973","$90,930,088"," 1,329 "
2012,4239 MISCELLANEOUS DURABLE GOODS MERCHANT WHOLESALERS,"$5,046,661,734","$389,337,564","$26,762,840","$2,231,380","$28,994,220"," 1,128 "
2012,4241 PAPER & PAPER PRODUCT MERCHANT WHOLESALERS,"$1,279,757,763","$196,261,095","$13,492,945","$179,057","$13,672,002", 224 
2012,4242 DRUGS & DRUGGISTS' SUNDRIES MERCHANT WHOLESALERS,"$3,915,340,839","$57,533,733","$3,955,444","$188,254","$4,143,698", 130 
2012,"4243 APPAREL, PIECE GOODS, & NOTIONS MERCHANT WHOLESALERS","$147,528,016","$27,142,065","$1,866,017","$56,578","$1,922,595", 111 
2012,4244 GROCERY & RELATED PRODUCT WHOLESALERS,"$8,422,711,354","$201,932,577","$13,885,911","$3,165,005","$17,050,916", 372 
2012,4245 FARM PRODUCT RAW MATERIAL MERCHANT WHOLESALERS,"$2,936,393,247","$34,506,131","$2,372,301","$1,637,016","$4,009,317", 156 
2012,4246 CHEMICAL & ALLIED PRODUCTS MERCHANT WHOLESALERS,"$1,504,375,874","$76,144,199","$5,234,932","$531,453","$5,766,385", 166 
2012,4247 PETROLEUM & PETROLEUM PRODUCTS MERCHANT WHOLESALERS,"$5,081,742,984","$97,796,594","$6,723,519","$8,411,594","$15,135,113", 205 
2012,"4248 BEER, WINE, & DISTILLED ALCOHOLIC BEVERAGE MERCHANT WHOLESALERS","$1,505,334,265","$10,195,179","$890,071","$470,912","$1,360,983", 78 
2012,4249 MISCELLANEOUS NONDURABLE GOODS MERCHANT WHOLESALERS,"$4,708,284,245","$263,354,931","$18,105,660","$955,548","$19,061,208", 712 
2012,4251 WHOLESALE ELECTRONIC MARKETS & AGENTS & BROKERS,"$211,831,292","$26,884,758","$1,848,339","$154,254","$2,002,593", 147 
2012,4411 AUTOMOBILE DEALERS,"$10,203,148,971","$778,935,480","$53,764,491","$3,580,175","$57,344,666", 847 
2012,4412 OTHER MOTOR VEHICLE DEALERS,"$2,076,092,124","$547,403,558","$37,506,246","$423,858","$37,930,104", 656 
2012,"4413 AUTOMOTIVE PARTS, ACCESSORIES, & TIRE STORES","$1,939,282,813","$855,477,738","$58,814,531","$771,021","$59,585,552"," 1,424 "
2012,4421 FURNITURE STORES,"$1,018,306,767","$870,706,496","$59,861,111","$1,194,521","$61,055,632", 777 
2012,4422 HOME FURNISHINGS STORES,"$967,879,048","$481,248,765","$33,097,968","$5,244,123","$38,342,091"," 1,314 "
2012,4430 ELECTRONICS & APPLIANCE STORES,"$5,364,979","$1,738,464","$119,518",$415,"$119,933", 4 
2012,4431 ELECTRONICS & APPLIANCE STORES,"$3,402,480,131","$1,601,723,150","$110,118,546","$12,668,694","$122,787,240"," 1,747 "
2012,4441 BUILDING MATERIAL & SUPPLIES DEALERS,"$5,962,174,473","$4,631,326,686","$318,416,868","$7,067,404","$325,484,272"," 1,778 "
2012,4442 LAWN & GARDEN EQUIPMENT & SUPPLIES STORES,"$912,897,653","$249,954,139","$17,184,379","$580,156","$17,764,535", 538 
2012,4451 GROCERY STORES,"$9,911,045,940","$1,849,772,355","$131,792,562","$1,728,482","$133,521,044"," 1,514 "
2012,4452 SPECIALTY FOOD STORES,"$907,493,132","$152,264,884","$10,542,909","$387,917","$10,930,826", 877 
2012,"4453 BEER, WINE, & LIQUOR STORES","$1,579,475,126","$1,303,092,789","$120,464,440","$548,158","$121,012,598"," 1,125 "
2012,4461 HEALTH & PERSONAL CARE STORES,"$4,561,862,122","$664,907,006","$45,762,425","$1,125,566","$46,887,991"," 1,760 "
2012,4471 GASOLINE STATIONS,"$10,782,787,191","$1,033,041,051","$71,324,864","$1,197,508","$72,522,372"," 2,036 "
2012,4480 CLOTHING & CLOTHING ACCESSORIES STORES,"$797,926,656","$156,129,347","$10,733,925","$405,864","$11,139,789", 504 
2012,4481 CLOTHING STORES,"$1,820,505,490","$479,428,303","$32,970,274","$1,275,269","$34,245,543"," 1,779 "
2012,4482 SHOE STORES,"$336,778,696","$14,916,733","$1,025,505","$120,206","$1,145,711", 346 
2012,"4483 JEWELRY, LUGGAGE, & LEATHER GOODS STORES","$452,304,838","$337,419,816","$23,197,603","$346,132","$23,543,735"," 1,108 "
2012,"4511 SPORTING GOODS, HOBBY, & MUSICAL INSTRUMENT STORES","$2,233,449,447","$1,110,592,255","$76,402,265","$1,024,910","$77,427,175"," 2,903 "
2012,"4512 BOOK, PERIODICAL, & MUSIC STORES","$448,620,439","$207,850,212","$14,289,714","$75,809","$14,365,523"," 1,046 "
2012,4520 GENERAL MERCHANDISE STORES,"$10,024,844,735","$4,651,914,546","$321,687,081","$10,368,435","$332,055,516", 424 
2012,4521 DEPARTMENT STORES,"$630,374,663","$286,973,588","$19,729,431","$565,521","$20,294,952", 119 
2012,4529 OTHER GENERAL MERCHANDISE STORES,"$1,528,078,001","$699,837,893","$48,261,354","$1,525,167","$49,786,521", 597 
2012,4530 MISCELLANEOUS STORE RETAILERS,"$354,564","$202,937","$13,954",$0,"$13,954", 4 
2012,4531 FLORISTS,"$141,351,675","$110,932,114","$7,626,942","$43,209","$7,670,151", 784 
2012,"4532 OFFICE SUPPLIES, STATIONERY, & GIFT STORES","$1,002,396,199","$646,757,363","$44,475,553","$1,012,105","$45,487,658"," 2,020 "
2012,4533 USED MERCHANDISE STORES,"$298,966,134","$146,232,946","$10,060,157","$186,807","$10,246,964"," 2,288 "
2012,4539 OTHER MISCELLANEOUS STORE RETAILERS,"$2,926,105,614","$819,267,541","$56,244,200","$1,065,352","$57,309,552"," 7,766 "
2012,4540 NONSTORE RETAILERS,"$38,719,098","$13,059,802","$901,771","$11,426","$913,197"," 1,055 "
2012,4541 ELECTRONIC SHOPPING & MAIL-ORDER HOUSES,"$2,423,575,685","$1,092,643,803","$75,122,268","$1,384,657","$76,506,925"," 1,622 "
2012,4542 VENDING MACHINE OPERATORS,"$156,445,622","$131,980,068","$9,073,687","$212,036","$9,285,723"," 1,052 "
2012,4543 DIRECT SELLING ESTABLISHMENTS,"$2,683,291,449","$483,678,674","$33,255,384","$973,405","$34,228,789"," 2,955 "
2012,4810 AIR TRANSPORTATION,"$140,889,538","$86,906,472","$5,992,134","$1,954,996","$7,947,130", 81 
2012,4812 NONSCHEDULED AIR TRANSPORTATION,"$7,006,718","$3,951,968","$271,700","$1,729","$273,429", 11 
2012,4821 RAIL TRANSPORTATION,"$62,797,710","$1,869,040","$133,789","$3,709,053","$3,842,842", 16 
2012,4830 WATER TRANSPORTATION,"$11,595,297","$5,228,107","$379,477","$45,523","$425,000", 17 
2012,4840 TRUCK TRANSPORTATION,"$403,483,252","$16,872,898","$1,160,021","$1,158,095","$2,318,116", 333 
2012,4841 GENERAL FREIGHT TRUCKING,"$1,203,719,026","$58,438,909","$4,043,567","$1,689,642","$5,733,209", 741 
2012,4842 SPECIALIZED FREIGHT TRUCKING,"$994,682,654","$32,691,013","$2,247,502","$678,711","$2,926,213", 338 
2012,4850 TRANSIT & GROUND PASSENGER TRANSPORTATION,"$37,167,802","$3,579,483","$252,689","$28,142","$280,831", 40 
2012,4851 URBAN TRANSIT SYSTEMS,"$8,597,741","$320,537","$22,037","$10,322","$32,359", 5 
2012,4852 INTERURBAN & RURAL BUS TRANSPORTATION,"$28,033,487","$648,390","$44,577","$46,632","$91,209", 4 
2012,4853 TAXI & LIMOUSINE SERVICE,"$11,067,642","$563,179","$42,346","$12,372","$54,718", 30 
2012,4854 SCHOOL & EMPLOYEE BUS TRANSPORTATION,"$149,080,356","$4,804,033","$330,280","$89,886","$420,166", 52 
2012,4855 CHARTER BUS INDUSTRY,"$25,850,014","$42,073","$2,893","$57,614","$60,507", 14 
2012,4859 OTHER TRANSIT & GROUND PASSENGER TRANSPORTATION,"$41,474,021","$955,037","$66,440","$20,962","$87,402", 29 
2012,4860 PIPELINE TRANSPORTATION,"$144,942,182","$177,834","$12,226","$458,194","$470,420", 6 
2012,4861 PIPELINE TRANSPORTATION OF CRUDE OIL,$0,$0,$0,"$123,281","$123,281", 11 
2012,4869 OTHER PIPELINE TRANSPORTATION,$0,$0,$0,"$138,630","$138,630", 9 
2012,"4872 SCENIC & SIGHTSEEING TRANSPORTATION, WATER","$1,899,237","$775,546","$55,649",$587,"$56,236", 8 
2012,4881 SUPPORT ACTIVITIES FOR AIR TRANSPORTATION,"$119,783,371","$8,684,266","$597,049","$106,135","$703,184", 58 
2012,4882 SUPPORT ACTIVITIES FOR RAIL TRANSPORTATION,"$28,016,820","$249,349","$17,136","$914,315","$931,451", 7 
2012,4883 SUPPORT ACTIVITIES FOR WATER TRANSPORTATION,"$18,386,401","$4,257,018","$292,667","$4,271","$296,938", 11 
2012,4884 SUPPORT ACTIVITIES FOR ROAD TRANSPORTATION,"$198,826,778","$94,516,217","$6,498,778","$98,706","$6,597,484", 412 
2012,4885 FREIGHT TRANSPORTATION ARRANGEMENT,"$198,764,980","$17,336,533","$1,191,886","$22,733","$1,214,619", 31 
2012,4889 OTHER SUPPORT ACTIVITIES FOR TRANSPORTATION,"$90,929,976","$6,835,269","$469,923","$129,623","$599,546", 35 
2012,4921 COURIERS,"$7,743,996","$400,940","$27,567","$6,093","$33,660", 24 
2012,4922 LOCAL MESSENGERS & LOCAL DELIVERY,"$108,013,200","$6,270,248","$433,237","$38,065","$471,302", 41 
2012,4931 WAREHOUSING & STORAGE,"$110,523,052","$6,145,977","$422,537","$137,624","$560,161", 78 
2012,"5111 NEWSPAPER, PERIODICAL, BOOK, & DIRECTORY PUBLISHERS","$716,364,851","$27,168,941","$1,867,863","$268,751","$2,136,614", 509 
2012,5112 SOFTWARE PUBLISHERS,"$1,148,148,341","$116,807,713","$8,030,522","$160,496","$8,191,018", 266 
2012,5121 MOTION PICTURE & VIDEO INDUSTRIES,"$321,681,820","$166,601,100","$11,494,627","$318,211","$11,812,838", 379 
2012,5122 SOUND RECORDING INDUSTRIES,"$6,713,495","$1,793,182","$123,286","$1,127","$124,413", 56 
2012,5151 RADIO & TELEVISION BROADCASTING,"$187,155,333","$61,843,930","$4,251,771","$455,291","$4,707,062", 105 
2012,5152 CABLE & OTHER SUBSCRIPTION PROGRAMMING,"$1,038,015,663","$896,967,518","$61,666,519","$592,478","$62,258,997", 45 
2012,5161 INTERNET PUBLISHING & BROADCASTING,"$22,597,967","$129,042","$8,872","$4,557","$13,429", 31 
2012,5170 TELECOMMUNICATIONS,"$3,777,869,974","$3,394,397,399","$233,364,839","$2,599,786","$235,964,625", 602 
2012,5171 WIRED TELECOMMUNICATIONS CARRIERS,"$53,066,100","$45,887,753","$3,154,778","$32,292","$3,187,070", 51 
2012,5172 WIRELESS TELECOMMUNICATIONS CARRIERS (EXCEPT SATELLITE),"$243,044,356","$229,203,855","$15,757,761","$52,077","$15,809,838", 140 
2012,5173 TELECOMMUNICATIONS RESELLERS,"$38,930,737","$32,883,613","$2,260,735","$10,911","$2,271,646", 28 
2012,5174 SATELLITE TELECOMMUNICATIONS,"$1,753,741","$465,273","$31,986","$3,058","$35,044", 11 
2012,5179 OTHER TELECOMMUNICATIONS,"$79,945,477","$66,569,805","$4,576,666","$7,256","$4,583,922", 98 
2012,5181 INTERNET SERVICE PROVIDERS & WEB SEARCH PORTALS,"$133,662,790","$7,502,618","$515,808","$51,709","$567,517", 27 
2012,"5182 DATA PROCESSING, HOSTING, & RELATED SERVICES","$2,046,490,574","$388,796,076","$26,729,893","$524,110","$27,254,003", 636 
2012,5190 OTHER INFORMATION SERVICES,"$864,374,117","$563,493,363","$38,740,173","$337,669","$39,077,842", 157 
2012,5191 OTHER INFORMATION SERVICES,"$2,277,453,405","$258,796,131","$17,801,218","$9,062,037","$26,863,255"," 1,193 "
2012,5221 DEPOSITORY CREDIT INTERMEDIATION,"$556,076,881","$91,638,676","$6,323,643","$2,074,937","$8,398,580", 503 
2012,5222 NONDEPOSITORY CREDIT INTERMEDIATION,"$301,939,678","$91,774,195","$6,309,487","$345,688","$6,655,175", 201 
2012,5223 ACTIVITIES RELATED TO CREDIT INTERMEDIATION,"$98,994,128","$4,219,583","$290,102","$67,440","$357,542", 82 
2012,5231 SECURITIES & COMMODITY CONTRACTS INTERMEDIATION & BROKERAGE,"$58,951,613","$11,202,962","$770,206","$3,068,736","$3,838,942", 96 
2012,5239 OTHER FINANCIAL INVESTMENT ACTIVITIES,"$224,603,450","$9,749,890","$746,606","$129,513","$876,119", 153 
2012,5241 INSURANCE CARRIERS,"$1,297,253,255","$4,188,292","$287,942","$2,554,307","$2,842,249", 112 
2012,"5242 AGENCIES, BROKERAGES, & OTHER INSURANCE RELATED ACTIVITIES","$715,171,204","$4,280,708","$294,300","$667,705","$962,005", 433 
2012,5259 OTHER INVESTMENT POOLS & FUNDS,"$26,201,507","$19,884,249","$1,367,047","$31,523","$1,398,570", 39 
2012,5310 REAL ESTATE,"$295,505,533","$86,913,685","$5,995,284","$690,822","$6,686,106", 609 
2012,5311 LESSORS OF REAL ESTATE,"$270,140,554","$39,258,262","$2,748,056","$127,429","$2,875,485", 709 
2012,5312 OFFICES OF REAL ESTATE AGENTS & BROKERS,"$118,075,414","$26,329,049","$1,816,537","$18,686","$1,835,223", 173 
2012,5313 ACTIVITIES RELATED TO REAL ESTATE,"$196,601,899","$42,238,779","$2,972,725","$143,705","$3,116,430", 421 
2012,5320 RENTAL & LEASING SERVICES,"$4,196,894","$4,136,416","$284,377",$0,"$284,377", 4 
2012,5321 AUTOMOTIVE EQUIPMENT RENTAL & LEASING,"$560,029,992","$447,455,174","$44,779,698","$689,361","$45,469,059", 361 
2012,5322 CONSUMER GOODS RENTAL,"$836,977,574","$432,271,552","$29,724,658","$675,542","$30,400,200", 875 
2012,5323 GENERAL RENTAL CENTERS,"$61,617,957","$33,767,650","$2,325,298","$63,207","$2,388,505", 88 
2012,5324 COMMERCIAL & INDUSTRIAL MACHINERY & EQUIPMENT RENTAL & LEASING,"$689,604,799","$380,668,057","$26,180,848","$462,539","$26,643,387", 606 
2012,5331 LESSORS OF NONFINANCIAL INTANGIBLE ASSETS (EXCEPT COPYRIGHTED WORKS),"$6,771,832","$2,049,644","$140,912","$306,770","$447,682", 17 
2012,5411 LEGAL SERVICES,"$919,694,823","$8,616,192","$592,366","$599,944","$1,192,310", 672 
2012,"5412 ACCOUNTING, TAX PREPARATION, BOOKKEEPING, & PAYROLL SERVICES","$1,198,257,385","$31,230,283","$2,147,082","$782,087","$2,929,169", 802 
2012,"5413 ARCHITECTURAL, ENGINEERING, & RELATED SERVICES","$1,149,046,261","$108,870,492","$7,484,852","$1,356,217","$8,841,069", 806 
2012,5414 SPECIALIZED DESIGN SERVICES,"$431,506,525","$84,997,404","$5,843,597","$268,527","$6,112,124"," 1,524 "
2012,5415 COMPUTER SYSTEMS DESIGN & RELATED SERVICES,"$2,995,451,392","$611,568,997","$42,045,413","$1,771,032","$43,816,445"," 1,701 "
2012,"5416 MANAGEMENT, SCIENTIFIC, & TECHNICAL CONSULTING SERVICES","$2,276,924,623","$160,166,617","$11,019,504","$1,388,397","$12,407,901"," 1,786 "
2012,5417 SCIENTIFIC RESEARCH & DEVELOPMENT SERVICES,"$638,033,569","$15,132,950","$1,040,388","$5,706,949","$6,747,337", 140 
2012,5418 ADVERTISING & RELATED SERVICES,"$1,998,881,942","$69,736,465","$4,794,388","$1,034,585","$5,828,973", 746 
2012,"5419 OTHER PROFESSIONAL, SCIENTIFIC, & TECHNICAL SERVICES","$1,763,547,394","$359,039,360","$24,712,817","$1,753,827","$26,466,644"," 3,782 "
2012,5510 MANAGEMENT OF COMPANIES & ENTERPRISES,"$139,477,946","$9,781,077","$672,442","$165,365","$837,807", 92 
2012,5511 MANAGEMENT OF COMPANIES & ENTERPRISES,"$1,041,225,908","$160,253,577","$11,069,429","$635,361","$11,704,790", 147 
2012,5611 OFFICE ADMINISTRATIVE SERVICES,"$185,028,409","$9,487,663","$663,402","$349,141","$1,012,543", 94 
2012,5612 FACILITIES SUPPORT SERVICES,"$48,169,438","$21,371,064","$1,469,262","$24,024","$1,493,286", 39 
2012,5613 EMPLOYMENT SERVICES,"$233,826,257","$1,474,153","$101,350","$48,488","$149,838", 141 
2012,5614 BUSINESS SUPPORT SERVICES,"$2,264,953,343","$282,699,826","$19,476,588","$2,887,994","$22,364,582"," 1,805 "
2012,5615 TRAVEL ARRANGEMENT & RESERVATION SERVICES,"$249,783,543","$59,579,089","$4,097,435","$278,975","$4,376,410", 140 
2012,5616 INVESTIGATION & SECURITY SERVICES,"$358,387,706","$220,083,799","$15,130,780","$910,769","$16,041,549", 419 
2012,5617 SERVICES TO BUILDINGS & DWELLINGS,"$1,650,701,952","$981,682,032","$67,492,464","$1,219,490","$68,711,954"," 7,205 "
2012,5619 OTHER SUPPORT SERVICES,"$275,745,900","$78,484,134","$5,396,293","$341,111","$5,737,404", 338 
2012,5620 WASTE MANAGEMENT & REMEDIATION SERVICES,"$237,784,876","$1,950,066","$134,074","$327,224","$461,298", 116 
2012,5621 WASTE COLLECTION,"$474,105,367","$2,307,415","$158,636","$514,207","$672,843", 201 
2012,5622 WASTE TREATMENT & DISPOSAL,"$32,503,732","$575,543","$39,568","$13,548","$53,116", 19 
2012,5629 REMEDIATION & OTHER WASTE MANAGEMENT SERVICES,"$79,914,123","$4,109,660","$282,549","$76,842","$359,391", 99 
2012,6110 EDUCATIONAL SERVICES,"$195,386,102","$5,816,725","$399,899","$180,213","$580,112", 202 
2012,6111 ELEMENTARY & SECONDARY SCHOOLS,"$83,240,939","$14,236,828","$978,774","$37,258","$1,016,032", 364 
2012,6112 JUNIOR COLLEGES,"$6,038,210","$3,043,754","$209,259",$0,"$209,259", 6 
2012,"6113 COLLEGES, UNIVERSITIES, & PROFESSIONAL SCHOOLS","$1,025,598,885","$50,870,717","$3,502,852","$222,519","$3,725,371", 106 
2012,6114 BUSINESS SCHOOLS & COMPUTER & MANAGEMENT TRAINING,"$19,079,552","$3,567,587","$245,269","$14,306","$259,575", 54 
2012,6115 TECHNICAL & TRADE SCHOOLS,"$50,682,935","$4,287,321","$295,373","$66,623","$361,996", 50 
2012,6116 OTHER SCHOOLS & INSTRUCTION,"$146,123,981","$12,830,871","$882,675","$107,262","$989,937", 421 
2012,6117 EDUCATIONAL SUPPORT SERVICES,"$15,107,631","$1,058,345","$72,765","$25,058","$97,823", 76 
2012,6211 OFFICES OF PHYSICIANS,"$3,299,265,749","$13,771,539","$946,802","$1,870,398","$2,817,200", 617 
2012,6212 OFFICES OF DENTISTS,"$874,373,468","$3,205,976","$220,408","$338,041","$558,449", 957 
2012,6213 OFFICES OF OTHER HEALTH PRACTITIONERS,"$811,129,839","$46,279,924","$3,181,760","$288,700","$3,470,460"," 2,537 "
2012,6214 OUTPATIENT CARE CENTERS,"$1,268,989,429","$13,930,434","$957,716","$1,881,272","$2,838,988", 417 
2012,6215 MEDICAL & DIAGNOSTIC LABORATORIES,"$209,000,075","$4,847,462","$333,265","$3,819,342","$4,152,607", 74 
2012,6216 HOME HEALTH CARE SERVICES,"$451,567,687","$2,344,714","$161,486","$80,471","$241,957", 131 
2012,6219 OTHER AMBULATORY HEALTH CARE SERVICES,"$171,839,962","$1,091,850","$75,064","$116,557","$191,621", 32 
2012,6220 HOSPITALS,"$979,601,892","$36,840,787","$2,532,812","$204,190","$2,737,002", 61 
2012,6221 GENERAL MEDICAL & SURGICAL HOSPITALS,"$3,834,393,898","$40,808,471","$2,805,583","$177,435","$2,983,018", 84 
2012,6230 NURSING & RESIDENTIAL CARE FACILITIES,"$265,603,684","$5,254,662","$361,262","$104,892","$466,154", 156 
2012,6231 NURSING CARE FACILITIES,"$114,496,862","$4,291,332","$298,998","$71,003","$370,001", 138 
2012,"6232 RESIDENTIAL MENTAL RETARDATION, MENTAL HEALTH & SUBSTANCE ABUSE FACILITIES","$56,025,847","$1,609,530","$110,657","$30,080","$140,737", 26 
2012,6233 COMMUNITY CARE FACILITIES FOR THE ELDERLY,"$41,282,579","$831,077","$57,146","$25,687","$82,833", 69 
2012,6239 OTHER RESIDENTIAL CARE FACILITIES,"$62,540,800","$729,684","$50,167","$11,012","$61,179", 48 
2012,6241 INDIVIDUAL & FAMILY SERVICES,"$36,117,878","$2,588,436","$177,950","$57,516","$235,466", 128 
2012,"6242 COMMUNITY FOOD & HOUSING, & EMERGENCY & OTHER RELIEF SERVICES","$1,525,483","$583,358","$40,105",$162,"$40,267", 13 
2012,6243 VOCATIONAL REHABILITATION SERVICES,"$104,091,328","$11,041,182","$759,080","$8,253","$767,333", 88 
2012,6244 CHILD DAY CARE SERVICES,"$73,229,828","$635,132","$43,664","$80,432","$124,096", 143 
2012,"7110 PERFORMING ARTS, SPECTATOR SPORTS, & RELATED INDUSTRIES","$16,278,671","$7,717,502","$540,654","$19,639","$560,293", 102 
2012,7111 PERFORMING ARTS COMPANIES,"$31,554,290","$25,075,228","$1,861,214","$28,143","$1,889,357", 166 
2012,7112 SPECTATOR SPORTS,"$242,911,158","$229,081,519","$15,783,984","$242,118","$16,026,102", 127 
2012,"7113 PROMOTERS OF PERFORMING ARTS, SPORTS, & SIMILAR EVENTS","$69,241,569","$54,727,462","$3,791,898","$30,901","$3,822,799", 117 
2012,"7114 AGENTS & MANAGERS FOR ARTISTS, ATHLETES, ENTERTAINERS, & OTHER PUBLIC FIGURES","$12,413,849","$2,719,742","$207,309","$1,042","$208,351", 27 
2012,"7115 INDEPENDENT ARTISTS, WRITERS, & PERFORMERS","$41,526,465","$11,320,446","$778,305","$18,511","$796,816"," 1,734 "
2012,"7121 MUSEUMS, HISTORICAL SITES, & SIMILAR INSTITUTIONS","$31,940,179","$23,247,382","$1,616,482","$11,098","$1,627,580", 170 
2012,7131 AMUSEMENT PARKS & ARCADES,"$63,721,856","$56,370,692","$3,888,585","$126,711","$4,015,296", 45 
2012,7132 GAMBLING INDUSTRIES,"$640,332,272","$604,395,397","$39,712,885","$372,693","$40,085,578", 19 
2012,7139 OTHER AMUSEMENT & RECREATION INDUSTRIES,"$1,227,661,161","$959,028,043","$67,930,345","$1,207,536","$69,137,881"," 2,232 "
2012,7211 TRAVELER ACCOMMODATION,"$1,903,040,684","$1,738,511,537","$121,240,390","$1,559,300","$122,799,690"," 2,084 "
2012,7212 RV (RECREATIONAL VEHICLE) PARKS & RECREATIONAL CAMPS,"$59,757,384","$33,970,479","$2,383,803","$129,033","$2,512,836", 352 
2012,7213 ROOMING & BOARDING HOUSES,"$6,940,456","$2,809,633","$193,160","$1,701","$194,861", 60 
2012,7220 FOOD SERVICES & DRINKING PLACES,"$4,815,880","$4,330,410","$311,319","$23,224","$334,543", 17 
2012,7221 FULL-SERVICE RESTAURANTS,"$4,246,066,329","$4,081,996,613","$298,815,754","$5,080,972","$303,896,726"," 4,983 "
2012,7222 LIMITED-SERVICE EATING PLACES,"$2,596,726,288","$2,493,735,833","$172,195,087","$1,155,563","$173,350,650"," 3,830 "
2012,7223 SPECIAL FOOD SERVICES,"$610,400,009","$364,131,167","$26,251,829","$253,015","$26,504,844"," 1,043 "
2012,7224 DRINKING PLACES (ALCOHOLIC BEVERAGES),"$662,274,566","$641,000,957","$53,112,923","$271,296","$53,384,219"," 1,444 "
2012,8110 REPAIR & MAINTENANCE,"$2,441,587","$595,311","$40,927","$598,961","$639,888", 6 
2012,8111 AUTOMOTIVE REPAIR & MAINTENANCE,"$2,100,196,122","$914,028,559","$62,870,518","$1,218,613","$64,089,131"," 5,139 "
2012,8112 ELECTRONIC & PRECISION EQUIPMENT REPAIR & MAINTENANCE,"$162,152,223","$45,886,794","$3,154,722","$1,101,603","$4,256,325", 589 
2012,8113 COMMERCIAL & INDUSTRIAL MACHINERY & EQUIPMENT (EXCEPT AUTOMOTIVE & ELECTRONIC) REPAIR & MAINTENANCE,"$500,270,650","$109,259,826","$7,511,621","$434,283","$7,945,904", 605 
2012,8114 PERSONAL & HOUSEHOLD GOODS REPAIR & MAINTENANCE,"$466,886,326","$142,912,274","$9,825,826","$631,829","$10,457,655"," 2,497 "
2012,8121 PERSONAL CARE SERVICES,"$592,262,084","$194,077,248","$13,343,335","$735,580","$14,078,915"," 4,388 "
2012,8122 DEATH CARE SERVICES,"$124,543,098","$8,087,459","$556,017","$12,916","$568,933", 224 
2012,8123 DRYCLEANING & LAUNDRY SERVICES,"$309,341,337","$223,392,022","$15,358,151","$276,332","$15,634,483", 536 
2012,8129 OTHER PERSONAL SERVICES,"$723,158,286","$408,597,949","$28,092,344","$2,175,368","$30,267,712"," 3,234 "
2012,"8130 RELIGIOUS, GRANTMAKING, CIVIC, PROFESSIONAL, & SIMILAR ORGANIZATIONS","$37,431,672","$4,680,849","$338,945","$13,817","$352,762", 202 
2012,8131 RELIGIOUS ORGANIZATIONS,"$45,306,093","$10,105,777","$695,474","$9,039","$704,513", 321 
2012,8132 GRANTMAKING & GIVING SERVICES,"$41,321,019","$4,778,371","$331,223","$165,569","$496,792", 87 
2012,8133 SOCIAL ADVOCACY ORGANIZATIONS,"$68,686,834","$5,612,734","$388,064","$9,091","$397,155", 109 
2012,8134 CIVIC & SOCIAL ORGANIZATIONS,"$190,847,808","$126,873,622","$10,355,518","$116,507","$10,472,025", 999 
2012,"8139 BUSINESS, PROFESSIONAL, LABOR, POLITICAL, & SIMILAR ORGANIZATIONS","$191,451,079","$24,575,276","$1,743,646","$161,954","$1,905,600", 380 
2012,8141 PRIVATE HOUSEHOLDS,"$2,921,483","$927,273","$63,746","$113,590","$177,336", 67 
2012,"9210 EXECUTIVE, LEGISLATIVE, & OTHER GENERAL GOVERNMENT SUPPORT","$1,535,299","$343,729","$28,937","$5,651","$34,588", 8 
2012,"9211 EXECUTIVE, LEGISLATIVE, & OTHER GENERAL GOVERNMENT SUPPORT","$1,444,083,555","$384,339,460","$26,881,525","$24,681,462","$51,562,987", 725 
2012,"9221 JUSTICE, PUBLIC ORDER, & SAFETY ACTIVITIES","$1,653,085","$1,296,041","$89,101","$16,617","$105,718", 5 
2012,9231 ADMINISTRATION OF HUMAN RESOURCE PROGRAMS,"$9,755,753","$1,051,896","$72,319","$13,022","$85,341", 16 
2012,9241 ADMINISTRATION OF ENVIRONMENTAL QUALITY PROGRAMS,"$76,729,526","$50,741,576","$3,488,479","$22,782","$3,511,261", 54 
2012,"9251 ADMINISTRATION OF HOUSING PROGRAMS, URBAN PLANNING, & COMMUNITY DEVELOPMENT","$369,432","$147,814","$10,163","$69,974","$80,137", 9 
2012,9261 ADMINISTRATION OF ECONOMIC PROGRAMS,"$94,739,966","$45,013,721","$3,094,689","$297,825","$3,392,514", 21 
2012,9999 UNDESIGNATED/SUPPRESSED,"$23,836,480","$7,828,786","$538,228","$35,671","$573,899", 55 
2012,Total,"$312,838,014,297","$68,027,970,963","$4,763,691,241","$396,858,446","$5,160,549,687"," 155,392 "
